Abkhazia	3700
Afghanistan	9444
Albania	10900
Algeria_Coast	15948
Andorra	1540
Angola	54792
Anguilla	24
Antarctica	28
Antigua and Barbuda	240
Argentina_Buenos Aires_Buenos Aires	1908
Argentina_Buenos Aires_North	8544
Argentina_Buenos Aires_South	16148
Argentina_Cuyo	2552
Argentina_Mesopotamia	12704
Argentina_Northwest	2920
Argentina_Pampas	8880
Argentina_Patagonia	2912
Argentina_Santa Fe	7672
Armenia	7904
Australia_Brisbane	17216
Australia_Melbourne	9528
Australia_New South Wales	2152
Australia_Northern Territory	34636
Australia_Queensland	67228
Australia_South Australia	1908
Australia_Sydney	16664
Australia_Tasmania	7624
Australia_Victoria	11452
Australia_Western Australia	87156
Austria_Burgenland	2440
Austria_Carinthia	14764
Austria_Lower Austria_West	14452
Austria_Lower Austria_Wien	7828
Austria_Salzburg	13360
Austria_Styria_Graz	10132
Austria_Styria_Leoben	4296
Austria_Tyrol	7288
Austria_Upper Austria_Linz	6500
Austria_Upper Austria_Wels	11476
Austria_Vorarlberg	8104
Azerbaijan	9076
Bahrain	148
Bangladesh	6744
Barbados	156
Belarus_Brest Region	5620
Belarus_Homiel Region	7924
Belarus_Hrodna Region	8396
Belarus_Maglieu Region	5976
Belarus_Minsk Region	3748
Belarus_Vitebsk Region	4340
Belgium_Antwerp	900
Belgium_East Flanders	1008
Belgium_Flemish Brabant	904
Belgium_Hainaut	1676
Belgium_Liege	2832
Belgium_Limburg	968
Belgium_Luxembourg	3852
Belgium_Namur	2644
Belgium_Walloon Brabant	560
Belgium_West Flanders	1648
Belize	2372
Benin	10448
Bermuda	40
Bhutan	4776
Bolivia_North	2328
Bolivia_South	3988
Bosnia and Herzegovina_Brcko district of Bosnia and Herzegowina	324
Bosnia and Herzegovina_Entity Federation of Bosnia and Herzegovina	7620
Bosnia and Herzegovina_Republic of Srpska	6476
Botswana	3456
Brazil_Bahia	2912
Brazil_Goias_Brasilia	10424
Brazil_Goias_North	7580
Brazil_Mato Grosso	51296
Brazil_Mato Grosso Do Sul	936
Brazil_North Region_East	62204
Brazil_North Region_West	41888
Brazil_Northeast Region_East	13496
Brazil_Northeast Region_West	3148
Brazil_Paraiba	8500
Brazil_Parana_East	14520
Brazil_Parana_West	17068
Brazil_Rio Grande do Norte	6472
Brazil_Santa Catarina	13032
Brazil_South Region_East	16652
Brazil_South Region_West	13516
Brazil_Southeast Region_Espirito Santo	7760
Brazil_Southeast Region_Minas Gerais_Contagem	12144
Brazil_Southeast Region_Minas Gerais_North	3428
Brazil_Southeast Region_Rio de Janeiro	11312
Brazil_Southeast Region_Sao Paulo_Campinas	12968
Brazil_Southeast Region_Sao Paulo_City	11376
Brazil_Southeast Region_Sao Paulo_West	13692
British Indian Ocean Territory	8
British Virgin Islands	232
Brunei	4500
Bulgaria_East	7436
Bulgaria_West	14300
Burkina Faso	13052
Burundi	5564
Cambodia	11460
Cameroon_Central	33064
Cameroon_West	9632
Campo de Hielo Sur	1852
Canada_Alberta_Edmonton	8860
Canada_Alberta_North	6260
Canada_Alberta_South	16796
Canada_British Columbia_Central	1080
Canada_British Columbia_Far_North	5364
Canada_British Columbia_Islands	13308
Canada_British Columbia_North	1256
Canada_British Columbia_Northeast	624
Canada_British Columbia_Southeast	2712
Canada_British Columbia_Vancouver	9652
Canada_Labrador_North	96
Canada_Labrador_South	1072
Canada_Labrador_West	1252
Canada_Manitoba_Northeast	1556
Canada_Manitoba_Northwest	3452
Canada_Manitoba_South	8140
Canada_Manitoba_Winnipeg	4556
Canada_New Brunswick	9044
Canada_Newfoundland_East	3368
Canada_Newfoundland_North	3420
Canada_Newfoundland_South	3692
Canada_Newfoundland_West	1816
Canada_Northwest Territories_East	4
Canada_Northwest Territories_North	136
Canada_Northwest Territories_Yellowknife	1492
Canada_Nova Scotia_Halifax	4128
Canada_Nova Scotia_Sydney	7368
Canada_Nunavut_North	380
Canada_Nunavut_South	1172
Canada_Ontario_Bame	12480
Canada_Ontario_Kingston	12520
Canada_Ontario_London	9376
Canada_Ontario_Northeastern_Central	6188
Canada_Ontario_Northeastern_North	2752
Canada_Ontario_Northeastern_S	11888
Canada_Ontario_Northeastern_SE	4296
Canada_Ontario_Northeastern_SW	12408
Canada_Ontario_Northeastern_Wawa	4084
Canada_Ontario_Northern	6000
Canada_Ontario_Northwestern	4560
Canada_Ontario_Toronto	5888
Canada_Prince Edward Island	2060
Canada_Quebec_Quebec	6596
Canada_Quebek_Far North	192
Canada_Quebek_Lachute	6308
Canada_Quebek_Montreal	5080
Canada_Quebek_North	2452
Canada_Quebek_Southeast_Rimouski	7372
Canada_Quebek_Southeast_Saguenay	11584
Canada_Quebek_West_Chibougamau	9092
Canada_Quebek_West_Rouyn-Noranda	9980
Canada_Saskatchewan_North	3204
Canada_Saskatchewan_Regina	13348
Canada_Saskatchewan_Saskatoon	13980
Canada_Yukon_North	868
Canada_Yukon_Whitehorse	2568
Cape Verde	5500
Caribisch Nederland	416
Cayman Islands	16
Central African Republic	2732
Chad	4684
Chile_Central	13696
Chile_North	2880
Chile_South	28324
China_Anhui	5724
China_Chongqing	10552
China_Fujian	2592
China_Gansu	53312
China_Guangdong	44116
China_Guangxi	3960
China_Guizhou	4292
China_Hebei	3932
China_Heilongjiang	1412
China_Henan	8044
China_Hubei	2244
China_Hunan	2924
China_Inner Mongolia	5812
China_Jiangsu	18800
China_Jiangxi	1428
China_Jilin	9172
China_Liaoning	10524
China_Ningxia Hui	11408
China_Qinghai	4412
China_Shaanxi	4900
China_Shandong	14232
China_Shanghai	588
China_Shanxi	3176
China_Sichuan	94536
China_Tibet Autonomous Region	107684
China_Xinjiang	84980
China_Yunnan	8712
China_Zhejiang	11904
Colombia_East	21772
Colombia_North	2684
Colombia_West	3020
Comoros	2060
Congo-Brazzaville	1496
Congo-Kinshasa_Kivu	7508
Congo-Kinshasa_West	134344
Cook Islands	108
Costa Rica	7168
Cote dIvoire	460
Crimea	12504
Croatia_Central	13520
Croatia_West	6040
Cuba	12608
Cyprus	9808
Czech_Jihovychod_Jihomoravsky kraj	4888
Czech_Jihovychod_Kraj Vysocina	4792
Czech_Jihozapad_Jihocesky kraj	7572
Czech_Jihozapad_Plzensky kraj	6044
Czech_Karlovasky kraj	3076
Czech_Moravskoslezsko	5100
Czech_Olomoucky kraj	4732
Czech_Praha	300
Czech_Severovychod_Kralovehradecky kraj	3752
Czech_Severovychod_Liberecky kraj	3292
Czech_Severovychod_Pardubicky kraj	3112
Czech_Stredni Cechy_East	4136
Czech_Stredni Cechy_West	2912
Czech_Ustecky kraj	4308
Czech_Zlinsky Kraj	4552
Denmark_Capital Region of Denmark	856
Denmark_Central Denmark Region	4304
Denmark_North Denmark Region	2108
Denmark_Region of Southern Denmark	3500
Denmark_Region Zealand	2252
Djibouti	3880
Dominica	1744
Dominican Republic	9908
East Timor	3464
Ecuador_East	1668
Ecuador_West	13856
Egypt	46176
El Salvador	4540
Equatorial Guinea	5308
Eritrea	4392
Estonia_East	9060
Estonia_West	5036
Ethiopia	8540
Falkland Islands	5612
Faroe Islands	3636
Federated States of Micronesia	620
Fiji	4396
Finland_Eastern Finland_North	11488
Finland_Eastern Finland_South	13492
Finland_Northern Finland	10244
Finland_Southern Finland_Helsinki	11852
Finland_Southern Finland_Lappeenranta	9004
Finland_Southern Finland_West	10432
Finland_Western Finland_Jyvaskyla	12576
Finland_Western Finland_Tampere	5976
France_Alsace_Bas-Rhin	4004
France_Alsace_Haut-Rhin	3712
France_Aquitaine_Dordogne	7080
France_Aquitaine_Gironde	3696
France_Aquitaine_Landes	4112
France_Aquitaine_Lot-et-Garonne	3368
France_Aquitaine_Pyrenees-Atlantiques	12120
France_Auvergne_Allier	3924
France_Auvergne_Cantal	7364
France_Auvergne_Haute-Loire	6020
France_Auvergne_Puy-de-Dome	7924
France_Brittany_Cotes-dArmor	3128
France_Brittany_Finistere	3404
France_Brittany_Ille-et-Vilaine	2500
France_Brittany_Morbihan	3136
France_Burgundy_Cote-dOr	5296
France_Burgundy_Nievre	4156
France_Burgundy_Saone-et-Loire	5488
France_Burgundy_Yonne	3968
France_Centre-Val de Loire_Cher	2592
France_Centre-Val de Loire_Eure-et-Loir	1548
France_Centre-Val de Loire_Indre	2344
France_Centre-Val de Loire_Indre-et-Loire	2176
France_Centre-Val de Loire_Loir-et-Cher	2232
France_Centre-Val de Loire_Loiret	2080
France_Champagne-Ardenne	12732
France_Corsica	3136
France_Free County_North	6092
France_Free County_South	8064
France_French Guiana	2588
France_Ile-de-France_Essonne	808
France_Ile-de-France_Hauts-de-Seine	100
France_Ile-de-France_Paris	72
France_Ile-de-France_Seine-et-Marne	2092
France_Ile-de-France_Seine-Saint-Denis	108
France_Ile-de-France_Val-de-Marne	100
France_Ile-de-France_Val-dOise	564
France_Ile-de-France_Yvelines	1100
France_Languedoc-Roussillon_Aude	7412
France_Languedoc-Roussillon_Gard	6408
France_Languedoc-Roussillon_Herault	6624
France_Languedoc-Roussillon_Lozere	7288
France_Languedoc-Roussillon_Pyrenees-Orientales	7660
France_Limousin	14276
France_Lorraine_Meurthe-et-Moselle	3068
France_Lorraine_Meuse	3628
France_Lorraine_Moselle	4392
France_Lorraine_Vosges	5704
France_Lower Normandy_Calvados	2492
France_Lower Normandy_Manche	2536
France_Lower Normandy_Orne	2812
France_Midi-Pyrenees_Ariege	11204
France_Midi-Pyrenees_Aveyron	11432
France_Midi-Pyrenees_Gers	4192
France_Midi-Pyrenees_Haute-Garonne	6208
France_Midi-Pyrenees_Hautes-Pyrenees	10428
France_Midi-Pyrenees_Lot	5208
France_Midi-Pyrenees_Tarn	5888
France_Midi-Pyrenees_Tarn-et-Garonne	2408
France_New Caledonia	4812
France_Nord-Pas-de-Calais_Lille	880
France_Nord-Pas-de-Calais_Nord	1312
France_Nord-Pas-de-Calais_Pas-de-Calais	2796
France_Pays de la Loire_Loire-Atlantique_Nantes	924
France_Pays de la Loire_Loire-Atlantique_Saint-Nazaire	1180
France_Pays de la Loire_Maine-et-Loire	2532
France_Pays de la Loire_Mayenne	2048
France_Pays de la Loire_Sarthe	2596
France_Pays de la Loire_Vendee	2340
France_Picardy_Aisne	3344
France_Picardy_Oise	2532
France_Picardy_Somme	2200
France_Poitou-Charentes_Charente	2768
France_Poitou-Charentes_Charente-Maritime	1976
France_Poitou-Charentes_Deux-Sevres	1884
France_Poitou-Charentes_Vienne	2376
France_Provence-Alpes-Cote dAzur_Alpes-de-Haute-Provence	2440
France_Provence-Alpes-Cote dAzur_Bouches-du-Rhone	3984
France_Provence-Alpes-Cote dAzur_Hautes-Alpes	2568
France_Provence-Alpes-Cote dAzur_Maritime Alps	12756
France_Provence-Alpes-Cote dAzur_Var	7324
France_Provence-Alpes-Cote dAzur_Vaucluse	3272
France_Rhone-Alpes_Ain	5352
France_Rhone-Alpes_Ardeche	9616
France_Rhone-Alpes_Drome	10916
France_Rhone-Alpes_Haute-Savoie	11476
France_Rhone-Alpes_Isere	15872
France_Rhone-Alpes_Loire	4968
France_Rhone-Alpes_Rhone	3596
France_Rhone-Alpes_Savoie	11108
France_Southern Islands	1020
France_Upper Normandy	5524
French Polynesia	5664
Gabon	2020
Georgia	12388
Germany_Baden-Wurttemberg_Regierungsbezirk Freiburg	12484
Germany_Baden-Wurttemberg_Regierungsbezirk Karlsruhe	7096
Germany_Baden-Wurttemberg_Regierungsbezirk Stuttgart_Heilbronn	3276
Germany_Baden-Wurttemberg_Regierungsbezirk Stuttgart_Stuttgart	5724
Germany_Baden-Wurttemberg_Regierungsbezirk Tubingen	7356
Germany_Berlin	400
Germany_Brandenburg_North	5800
Germany_Brandenburg_South	5104
Germany_Free State of Bavaria_Lower Bavaria	8560
Germany_Free State of Bavaria_Lower Franconia	7336
Germany_Free State of Bavaria_Middle Franconia	4652
Germany_Free State of Bavaria_Swabia	9012
Germany_Free State of Bavaria_Upper Bavaria_East	9284
Germany_Free State of Bavaria_Upper Bavaria_Ingolstadt	2260
Germany_Free State of Bavaria_Upper Bavaria_Munchen	1276
Germany_Free State of Bavaria_Upper Bavaria_South	5928
Germany_Free State of Bavaria_Upper Franconia	6412
Germany_Free State of Bavaria_Upper Palatinate	7908
Germany_Hamburg_main	396
Germany_Hesse_Regierungsbezirk Darmstadt	6104
Germany_Hesse_Regierungsbezirk Giessen	4632
Germany_Hesse_Regierungsbezirk Kassel	8076
Germany_Lower Saxony_Braunschweig	4388
Germany_Lower Saxony_Bremen_Bremen	2580
Germany_Lower Saxony_Bremen_Munster	4576
Germany_Lower Saxony_Hannover	4012
Germany_Lower Saxony_Oldenburg	5904
Germany_Mecklenburg-Vorpommern	8312
Germany_North Rhine-Westphalia_Regierungsbezirk Arnsberg_Arnsberg	7116
Germany_North Rhine-Westphalia_Regierungsbezirk Arnsberg_Dortmund	1556
Germany_North Rhine-Westphalia_Regierungsbezirk Detmold	3768
Germany_North Rhine-Westphalia_Regierungsbezirk Dusseldorf_Dusseldorf	1032
Germany_North Rhine-Westphalia_Regierungsbezirk Dusseldorf_Mulheim	776
Germany_North Rhine-Westphalia_Regierungsbezirk Dusseldorf_Wesel	580
Germany_North Rhine-Westphalia_Regierungsbezirk Koln_Aachen	2492
Germany_North Rhine-Westphalia_Regierungsbezirk Koln_Koln	2692
Germany_North Rhine-Westphalia_Regierungsbezirk Munster_Munster	1392
Germany_North Rhine-Westphalia_Regierungsbezirk Munster_Recklinghausen	1244
Germany_Rhineland-Palatinate_Koblenz	13448
Germany_Rhineland-Palatinate_South	7548
Germany_Saarland	2488
Germany_Saxony-Anhalt_Halle	3372
Germany_Saxony-Anhalt_Magdeburg	4324
Germany_Saxony_Dresden	3684
Germany_Saxony_Leipzig	6836
Germany_Schleswig-Holstein_Flensburg	3864
Germany_Schleswig-Holstein_Kiel	2480
Germany_Thuringia	13652
Ghana	11548
Gibraltar	20
Greece_Decentralized Administration of Aegean	2196
Greece_Decentralized Administration of Attica	5116
Greece_Decentralized Administration of Crete	2452
Greece_Decentralized Administration of Epirus - Western Macedonia	5824
Greece_Decentralized Administration of Macedonia and Thrace	7904
Greece_Decentralized Administration of Thessaly - Central Greece	8928
Greece_Decentralized Administration of West Greece	8300
Greenland	728
Grenada	520
Guadeloupe	1656
Guatemala	8328
Guernsey	56
Guinea	11240
Guinea-Bissau	9428
Guyana	2996
Haiti	6940
Honduras	8028
Hungary_Kozep-Magyarorszag	3276
Hungary_Northern Great Plain	11040
Hungary_Transdanubia	9888
Iceland	14368
India_Andaman and Nicobar Islands	3380
India_Andhra Pradesh	13472
India_Arunachal Pradesh	1108
India_Assam	8472
India_Bihar	10752
India_Chandigarh	56
India_Chhattisgarh	11292
India_Delhi	712
India_Goa	3320
India_Gujarat	14208
India_Haryana	4556
India_Himachal Pradesh	7128
India_Jammu and Kashmir	2016
India_Jharkhand	9516
India_Karnataka_North	11316
India_Karnataka_South	6872
India_Kerala	7832
India_Lakshadweep	4
India_Madhya Pradesh	2752
India_Maharashtra	13368
India_Manipur	6908
India_Meghalaya	5300
India_Mizoram	8056
India_Nagaland	6200
India_Odisha	6712
India_Punjab	6448
India_Rajasthan	992
India_Sikkim	3156
India_Tamil Nadu	15900
India_Telangana	12856
India_Tripura	8804
India_Uttar Pradesh	9904
India_Uttarakhand	6696
India_West Bengal	6016
Indonesia_Central	69732
Indonesia_East	2132
Indonesia_Jawa Barat	9560
Indonesia_Jawa Tengah	6144
Indonesia_Jawa Timur	8028
Indonesia_Nusa Tenggara	16632
Indonesia_West	46496
Iran_East	55580
Iran_North	4372
Iran_South	8084
Iraq_North	13512
Iraq_South	9584
Ireland_Connacht	8784
Ireland_Leinster	8472
Ireland_Munster	15392
Ireland_Northern Counties	5996
Isle of Man	528
Israel	16256
Italy_Abruzzo	3008
Italy_Aosta Valley	7476
Italy_Apulia	8876
Italy_Basilicata	8164
Italy_Calabria	4260
Italy_Campania	19128
Italy_Emilia-Romagna_Bologna	3984
Italy_Emilia-Romagna_Ferrara	884
Italy_Emilia-Romagna_Forli-Cesena	4184
Italy_Emilia-Romagna_Modena	2860
Italy_Emilia-Romagna_Parma	4576
Italy_Emilia-Romagna_Piacenza	3212
Italy_Emilia-Romagna_Ravenna	1340
Italy_Emilia-Romagna_Reggio Emilia	2648
Italy_Emilia-Romagna_Rimini	1028
Italy_Friuli-Venezia Giulia_Gorizia	316
Italy_Friuli-Venezia Giulia_Pordenone	4848
Italy_Friuli-Venezia Giulia_Trieste	196
Italy_Friuli-Venezia Giulia_Udine	11464
Italy_Lazio	13228
Italy_Liguria	13832
Italy_Lombardy_Bergamo	6852
Italy_Lombardy_Brescia	9900
Italy_Lombardy_Como	3000
Italy_Lombardy_Cremona	504
Italy_Lombardy_Lecco	2196
Italy_Lombardy_Lodi	228
Italy_Lombardy_Mantua	892
Italy_Lombardy_Milan	584
Italy_Lombardy_Monza and Brianza	176
Italy_Lombardy_Pavia	1812
Italy_Lombardy_Sondrio	7312
Italy_Lombardy_Varese	1396
Italy_Marche	9196
Italy_Molise	6000
Italy_Piemont_Alessandria	4116
Italy_Piemont_Asti	1924
Italy_Piemont_Biella	1720
Italy_Piemont_Cuneo	14828
Italy_Piemont_Novara	780
Italy_Piemont_Torino	15088
Italy_Piemont_Verbano-Cusio-Ossola	8712
Italy_Piemont_Vercelli	3624
Italy_Sardinia	5320
Italy_Sicily	5280
Italy_Trentino-Alto Adige Sudtirol	7168
Italy_Tuscany_Grosseto	14108
Italy_Tuscany_Massa e Carrara	19660
Italy_Umbria	7760
Italy_Veneto_Belluno	8144
Italy_Veneto_Padova	812
Italy_Veneto_Rovigo	700
Italy_Veneto_Treviso	1976
Italy_Veneto_Venezia	1248
Italy_Veneto_Verona	2840
Italy_Veneto_Vicenza	4512
Jamaica	2984
Japan_Chubu Region_Aichi_Nagoya	1660
Japan_Chubu Region_Aichi_Toyohashi	5052
Japan_Chubu Region_Fukui	9524
Japan_Chubu Region_Gifu	4696
Japan_Chubu Region_Ishikawa	7664
Japan_Chubu Region_Nagano	5836
Japan_Chubu Region_Niigata	5312
Japan_Chubu Region_Shizuoka	16476
Japan_Chubu Region_Toyama	10140
Japan_Chubu Region_Yamanashi	7148
Japan_Chugoku Region_Hiroshima	15704
Japan_Chugoku Region_Okayama	7964
Japan_Chugoku Region_Shimane	8164
Japan_Chugoku Region_Tottori	6852
Japan_Chugoku Region_Yamaguchi	6940
Japan_Hokkaido Region_East	4988
Japan_Hokkaido Region_North	7216
Japan_Hokkaido Region_Sapporo	6092
Japan_Hokkaido Region_West	4048
Japan_Kanto_Chiba	4328
Japan_Kanto_Gunma	7716
Japan_Kanto_Ibaraki	5400
Japan_Kanto_Kanagawa	3688
Japan_Kanto_Saitama	4984
Japan_Kanto_Tochigi	10476
Japan_Kanto_Tokyo	3012
Japan_Kinki Region_Mie	6796
Japan_Kinki Region_Nara	10132
Japan_Kinki Region_Osaka_Osaka	2264
Japan_Kinki Region_Osaka_West	9968
Japan_Kinki Region_Wakayama	7080
Japan_Kyushu Region_Fukuoka	6788
Japan_Kyushu Region_Kagoshima	2604
Japan_Kyushu Region_Kumamoto	8092
Japan_Kyushu Region_Miyazaki	3148
Japan_Kyushu Region_Nagasaki	6980
Japan_Kyushu Region_Oita	7096
Japan_Kyushu Region_Okinawa	2068
Japan_Kyushu Region_Saga	3668
Japan_Shikoku Region_Ehime	8196
Japan_Shikoku Region_Kagawa	2852
Japan_Shikoku Region_Kochi	3364
Japan_Shikoku Region_Kyoto	15168
Japan_Shikoku Region_Tokushima	10876
Japan_Tohoku_Akita	3908
Japan_Tohoku_Aomori	2708
Japan_Tohoku_Fukushima	4700
Japan_Tohoku_Iwate	5268
Japan_Tohoku_Miyagi	10384
Japan_Tohoku_Yamagata	3528
Jersey	56
Jerusalem	136
Jordan	8076
Kazakhstan_North	1472
Kazakhstan_South	64268
Kenya	38680
Kingdom of Lesotho	8380
Kiribati	92
Kuwait	4064
Kyrgyzstan	3272
Laos	3520
Latvia	7912
Lebanon	2476
Liberia	10384
Libya	45424
Liechtenstein	480
Lithuania_East	7368
Lithuania_West	10596
Luxembourg	2624
Macedonia	7088
Madagascar	39740
Malawi	14668
Malaysia	46620
Maldives	12
Mali	48284
Malta	204
Marshall Islands	8
Martinique	1284
Mauritania	4072
Mauritius	1300
Mexico_California	6280
Mexico_Central_East	1736
Mexico_Central_West	3024
Mexico_Chihuahua	3896
Mexico_East	4684
Mexico_Mexico	18328
Mexico_Sonora	2856
Mexico_South	4124
Moldova	4044
Monaco	8
Mongolia	81804
Montenegro	4580
Montserrat	116
Morocco_Doukkala-Abda	13496
Morocco_Rabat-Sale-Zemmour-Zaer	14628
Morocco_Southern	2056
Morocco_Western Sahara	1636
Mozambique	43816
Myanmar	74888
Nagorno-Karabakh	3552
Namibia	57200
Nauru	12
Nepal_Kathmandu	4816
Nepal_Madhyamanchal	5384
Nepal_Purwanchal	11196
Nepal_West	2340
Netherlands_Drenthe	612
Netherlands_Flevoland	312
Netherlands_Friesland	2592
Netherlands_Gelderland_Nijmegen	276
Netherlands_Gelderland_North	708
Netherlands_Gelderland_Zutphen	440
Netherlands_Groningen	1648
Netherlands_Limburg	700
Netherlands_North Brabant_Eindhoven	412
Netherlands_North Brabant_Roosendaal	516
Netherlands_North Brabant_Tiburg	748
Netherlands_North Brabant_Uden	216
Netherlands_North Holland_Alkmaar	852
Netherlands_North Holland_Amsterdam	488
Netherlands_North Holland_Zaandam	320
Netherlands_Overijssel_Enschede	436
Netherlands_Overijssel_Zwolle	860
Netherlands_South Holland_Brielle	592
Netherlands_South Holland_Den Haag	344
Netherlands_South Holland_Leiden	268
Netherlands_South Holland_Rotterdam	580
Netherlands_Utrecht_Amersfoort	236
Netherlands_Utrecht_Utrecht	472
Netherlands_Zeeland	1740
New Zealand North_Auckland	12592
New Zealand North_Wellington	17784
New Zealand South_Canterbury	15344
New Zealand South_Southland	9796
Nicaragua	4892
Niger	4424
Nigeria_North	1572
Nigeria_South	39892
Niue	84
North Korea	2264
Norway_Bouvet Island	4
Norway_Central	15928
Norway_Hedmark	6572
Norway_Hordaland	5072
Norway_Jan Mayen	292
Norway_Nordland	13836
Norway_North Trondelag	7244
Norway_Northern	12620
Norway_Oppland	7232
Norway_Rogaland	3144
Norway_South Trondelag	4612
Norway_Southern	9520
Norway_Svalbard	72
Norway_Western	12616
Oman	1724
Pakistan	6164
Palau	460
Palestine	6360
Panama	6648
Papua New Guinea	1792
Paraguay	14916
Peru_Lima	2124
Peru_North	4004
Peru_South	4432
Philippines_Luzon_Manila	5636
Philippines_Luzon_North	12364
Philippines_Luzon_South	5932
Philippines_Mindanao	16024
Philippines_Visayas	12276
Pitcairn Islands	4
Poland_Greater Poland Voivodeship	9276
Poland_Kuyavian-Pomeranian Voivodeship	5868
Poland_Lesser Poland Voivodeship	14180
Poland_Lodz Voivodeship	5292
Poland_Lower Silesian Voivodeship	10216
Poland_Lublin Voivodeship	7724
Poland_Lubusz Voivodeship	5664
Poland_Masovian Voivodeship	6740
Poland_Opole Voivodeship	3056
Poland_Podlaskie Voivodeship	7260
Poland_Pomeranian Voivodeship	8568
Poland_Silesian Voivodeship	6656
Poland_Subcarpathian Voivodeship	12164
Poland_Swietokrzyskie Voivodeship	4484
Poland_Warmian-Masurian Voivodeship	10172
Poland_West Pomeranian Voivodeship	9360
Portugal_Islands	5428
Portugal_Porto	12256
Portugal_South	6308
Portugal_Viseu	7852
Qatar	3304
Republic of Kosovo	2828
Romania_Centre	8176
Romania_North_East	7224
Romania_North_West	7448
Romania_South	13560
Romania_South_East	6836
Romania_South_West	5236
Romania_West	7128
Russia_Altai Krai	12232
Russia_Altai Republic	6396
Russia_Amur Oblast	496
Russia_Arkhangelsk Oblast_Central	7384
Russia_Arkhangelsk Oblast_North	16
Russia_Astrakhan Oblast	11536
Russia_Bashkortostan	11692
Russia_Belgorod Oblast	3240
Russia_Bryansk Oblast	4184
Russia_Buryatia	1436
Russia_Chechen Republic	3488
Russia_Chelyabinsk Oblast	9148
Russia_Chukotka Autonomous Okrug	24148
Russia_Chuvashia	6196
Russia_Ingushetia	5716
Russia_Irkutsk Oblast	3176
Russia_Ivanovo Oblast	7656
Russia_Jewish Autonomous Oblast	3488
Russia_Kabardino-Balkaria	3880
Russia_Kaliningrad Oblast	4124
Russia_Kaluga Oblast	7732
Russia_Kamchatka Krai	980
Russia_Karachay-Cherkessia	5312
Russia_Kemerov Oblast	7672
Russia_Khabarovsk Krai	28164
Russia_Khakassia	6012
Russia_Kirov Oblast	13180
Russia_Komi Republic	112
Russia_Kostroma Oblast	5960
Russia_Krasnodar Krai	8080
Russia_Krasnodar Krai_Adygeya	7284
Russia_Krasnoyarsk Krai_North	15356
Russia_Krasnoyarsk Krai_South	944
Russia_Kurgan Oblast	6276
Russia_Kursk Oblast	10724
Russia_Leningradskaya Oblast_Karelsky	9204
Russia_Leningradskaya Oblast_Southeast	8420
Russia_Lipetsk Oblast	4696
Russia_Magadan Oblast	984
Russia_Mari El	7216
Russia_Moscow	1176
Russia_Moscow Oblast_East	9940
Russia_Moscow Oblast_West	8412
Russia_Murmansk Oblast	5380
Russia_Nenets Autonomous Okrug	972
Russia_Nizhny Novgorod Oblast	8180
Russia_North Ossetia-Alania	2644
Russia_Novgorod Oblast	5544
Russia_Novosibirsk Oblast	11488
Russia_Omsk Oblast	9164
Russia_Orenburg Oblast	10960
Russia_Oryol Oblast	5880
Russia_Penza Oblast	4708
Russia_Perm Krai_North	9768
Russia_Perm Krai_South	6368
Russia_Primorsky Krai	1312
Russia_Pskov Oblast	5988
Russia_Republic of Dagestan	7252
Russia_Republic of Kalmykia	5528
Russia_Republic of Karelia_North	12384
Russia_Republic of Karelia_South	13948
Russia_Republic of Mordovia	8716
Russia_Rostov Oblast	8568
Russia_Ryazan Oblast	4384
Russia_Saint Petersburg	596
Russia_Sakha Republic	52452
Russia_Sakhalin Oblast	7896
Russia_Samara Oblast	9168
Russia_Saratov Oblast	7804
Russia_Smolensk Oblast	5696
Russia_Stavropol Krai	5732
Russia_Sverdlovsk Oblast_Ekaterinburg	5908
Russia_Sverdlovsk Oblast_North	12556
Russia_Tambov Oblast	9860
Russia_Tatarstan	6672
Russia_Tomsk Oblast	7388
Russia_Tula Oblast	6300
Russia_Tuva	704
Russia_Tver Oblast	9388
Russia_Tyumen Oblast	8448
Russia_Udmurt Republic	4784
Russia_Ulyanovsk Oblast	7764
Russia_Vladimir Oblast	10844
Russia_Volgograd Oblast	7272
Russia_Vologda Oblast	13032
Russia_Voronezh Oblast	11076
Russia_Yamalo-Nenets Autonomous Okrug	56
Russia_Yaroslavl Oblast	6716
Russia_Yugra_Khanty	68
Russia_Yugra_Surgut	13992
Russia_Zabaykalsky Krai	1196
Rwanda	5600
Sahrawi Arab Democratic Republic	4528
Saint Barthelemy	20
Saint Helena Ascension and Tristan da Cunha	576
Saint Kitts and Nevis	248
Saint Lucia	944
Saint Martin	104
Saint Vincent and the Grenadines	720
Samoa	2444
San Marino	92
Sao Tome and Principe	60
Saudi Arabia_North	5044
Saudi Arabia_South	4552
Senegal	2824
Serbia	14176
Seychelles	368
Sierra Leone	10232
Singapore	472
Slovakia_Region of Banska Bystrica	14104
Slovakia_Region of Bratislava	1172
Slovakia_Region of Kosice	7752
Slovakia_Region of Nitra	2784
Slovakia_Region of Presov	7912
Slovakia_Region of Trencin	6540
Slovakia_Region of Trnava	1796
Slovakia_Region of Zilina	13276
Slovenia_East	19168
Slovenia_West	18316
Solomon Islands	6308
Somalia	2684
South Africa_Eastern Cape	9100
South Africa_Free State	13192
South Africa_Gauteng	7416
South Africa_KwaZulu-Natal	9864
South Africa_Limpopo	9236
South Africa_Mpumalanga	9388
South Africa_North West	8252
South Africa_Northern Cape	2336
South Africa_Western Cape	13128
South Georgia and the South Sandwich Islands	404
South Korea_North	15060
South Korea_South	16904
South Ossetia	9644
South Sudan	1652
Spain_Andalusia_Granada	9264
Spain_Andalusia_Sevilla	8408
Spain_Aragon	10524
Spain_Balearic Islands	4652
Spain_Basque Country	13332
Spain_Canary Islands	12076
Spain_Cantabria	10616
Spain_Castile and Leon_East	6476
Spain_Castile and Leon_West	10052
Spain_Castile-La Mancha	13012
Spain_Catalonia_Provincia de Barcelona	11696
Spain_Catalonia_Provincia de Girona	9588
Spain_Catalonia_Provincia de Lleida	3648
Spain_Catalonia_Provincia de Tarragona	8388
Spain_Ceuta	36
Spain_Community of Madrid	6744
Spain_Comunidad Foral de Navarra	8652
Spain_Extremadura	6204
Spain_Galicia_North	17612
Spain_Galicia_South	3232
Spain_La Rioja	7692
Spain_Melilla	12
Spain_Principado de Asturias	4280
Spain_Region de Murcia	10408
Spain_Valencian Community	5764
Sri Lanka	8600
Sudan_East	2464
Sudan_West	3020
Suriname	1872
Swaziland	2708
Sweden_Bergslagen	16484
Sweden_Malardalen	11796
Sweden_Mellannorrland	18672
Sweden_Norra Sverige	1372
Sweden_Ostra Gotaland	6328
Sweden_Sodra Gotaland	6164
Sweden_Stockholm	4428
Sweden_Vastra Gotaland	11700
Switzerland_Central	11984
Switzerland_Eastern	5404
Switzerland_Espace Mittelland_Bern	8136
Switzerland_Espace Mittelland_East	12980
Switzerland_Lake Geneva region	14248
Switzerland_Northwestern	2420
Switzerland_Ticino	11328
Switzerland_Zurich	1752
Syria	13620
Taiwan_North	15156
Taiwan_South	9724
Tajikistan	2396
Tanzania	85884
Thailand_Central	9384
Thailand_North	10540
Thailand_South	14632
The Bahamas	1000
The Gambia	2828
Togo	6736
Tokelau	4
Tonga	240
Trinidad and Tobago	4240
Tunisia	12524
Turkey_Aegean Region	12592
Turkey_Black Sea Region	11848
Turkey_Central Anatolia Region_Ankara	11844
Turkey_Central Anatolia Region_Kayseri	9984
Turkey_Eastern Anatolia Region	2464
Turkey_Marmara Region_Bursa	10644
Turkey_Marmara Region_Istanbul	15312
Turkey_Mediterranean Region	14976
Turkey_Southeastern Anatolia Region	9300
Turkmenistan	1320
Turks and Caicos Islands	48
Tuvalu	4
Uganda	15088
Ukraine_Cherkasy Oblast	8748
Ukraine_Chernihiv Oblast	9600
Ukraine_Chernivtsi Oblast	7048
Ukraine_Dnipropetrovsk Oblast	9500
Ukraine_Donetsk Oblast	8572
Ukraine_Ivano-Frankivsk Oblast	2816
Ukraine_Kharkiv Oblast	12244
Ukraine_Kherson Oblast	6400
Ukraine_Khmelnytskyi Oblast	8868
Ukraine_Kirovohrad Oblast	8968
Ukraine_Kyiv Oblast	9740
Ukraine_Luhansk Oblast	9800
Ukraine_Lviv Oblast	13652
Ukraine_Mykolaiv Oblast	4540
Ukraine_Odessa Oblast	4164
Ukraine_Poltava Oblast	5232
Ukraine_Rivne Oblast	6860
Ukraine_Sumy Oblast	9236
Ukraine_Ternopil Oblast	6608
Ukraine_Vinnytsia Oblast	6816
Ukraine_Volyn Oblast	6304
Ukraine_Zakarpattia Oblast	3684
Ukraine_Zaporizhia Oblast	6620
Ukraine_Zhytomyr Oblast	6308
UK_England_East Midlands	5764
UK_England_East of England_Essex	2244
UK_England_East of England_Norfolk	4620
UK_England_Greater London	584
UK_England_North East England	5068
UK_England_North West England_Lancaster	7172
UK_England_North West England_Manchester	2664
UK_England_South East_Brighton	4500
UK_England_South East_Oxford	4248
UK_England_South West England_Bristol	7260
UK_England_South West England_Cornwall	7732
UK_England_West Midlands	6620
UK_England_Yorkshire and the Humber	7784
UK_Northern Ireland	8132
UK_Scotland_North	11228
UK_Scotland_South	15796
UK_Wales	20292
United Arab Emirates	16216
United States Virgin Islands	404
Uruguay	12240
US_Alabama_Birmingham	6932
US_Alabama_Montgomery	13188
US_Alaska	46056
US_Arizona_Flagstaff	19568
US_Arizona_Phoenix	12728
US_Arizona_Tucson	8020
US_Arkansas_North	9704
US_Arkansas_South	7664
US_California_Bakersfield_Bakersfield	6432
US_California_Bakersfield_Lancaster	10680
US_California_Chico	12652
US_California_LA	11196
US_California_LA North	11208
US_California_Redding	15940
US_California_Sacramento_Fresno	8420
US_California_Sacramento_Sacramento	3540
US_California_Sacramento_Stockton	9112
US_California_San Diego	15832
US_California_Santa_Clara_Palo Alto	11784
US_California_Santa_Clara_Santa Cruz	4096
US_Colorado_Aspen	19332
US_Colorado_Denver	9748
US_Colorado_South	14508
US_Connecticut	9816
US_Delaware	2336
US_Florida_Gainesville	2424
US_Florida_Jacksonville	6652
US_Florida_Miami	2012
US_Florida_Orlando	5128
US_Florida_Tampa	6012
US_Georgia_Atlanta	8656
US_Georgia_Macon	6644
US_Georgia_North	4180
US_Georgia_South	12140
US_Guam	608
US_Hawaii	2908
US_Idaho_North	2356
US_Idaho_South	11012
US_Illinois_Chickago	1084
US_Illinois_Elgin	2020
US_Illinois_Rockford	6960
US_Illinois_South	6936
US_Illinois_Springfield	6636
US_Indiana_Evansville	4312
US_Indiana_Indianapolis	8556
US_Indiana_North	7632
US_Iowa_Des Moines	5424
US_Iowa_Waterloo	6032
US_Iowa_West	8852
US_Kansas_East	6012
US_Kansas_West	7644
US_Kansas_Wichita	11684
US_Kentucky_East	11872
US_Kentucky_Louisville	7564
US_Kentucky_West	7644
US_Louisiana_Central	7036
US_Louisiana_New Orleans	8864
US_Maine	10984
US_Maryland_and_DC	8224
US_Maryland_Baltimore	8068
US_Massachusetts_Boston	2004
US_Massachusetts_Central	3772
US_Massachusetts_Plymouth	2872
US_Massachusetts_Southeastern	736
US_Massachusetts_West	7256
US_Michigan_Detroit	3180
US_Michigan_Grand Rapids	5280
US_Michigan_Lansing	6088
US_Michigan_North	5164
US_Minnesota_Minneapolis	3552
US_Minnesota_North	10312
US_Minnesota_Rochester	6056
US_Minnesota_Saint Cloud	5048
US_Mississippi_Gulfport	6156
US_Mississippi_North	14000
US_Missouri_East	6164
US_Missouri_Kansas	5856
US_Missouri_Springfield	7692
US_Missouri_St Louis	6552
US_Montana_East	2240
US_Montana_West	8796
US_Nebraska_East	4684
US_Nebraska_West	13012
US_Nevada	2912
US_New Hampshire	4380
US_New Jersey_North	5324
US_New Jersey_South	4880
US_New Mexico_Albuquerque	13436
US_New Mexico_Roswell	10780
US_New York_East	2700
US_New York_New York	416
US_New York_North	10628
US_New York_West	8616
US_North Carolina_Asheville	6092
US_North Carolina_Charlotte	13160
US_North Carolina_Greensboro	7428
US_North Carolina_Raleigh	8548
US_North Carolina_Wilmington	6660
US_North Carolina_Wilson	6376
US_North Dakota_Bismarck	9252
US_North Dakota_East	5180
US_North Dakota_Minot	5656
US_Ohio_Cincinnati	11960
US_Ohio_Cleveland	4168
US_Ohio_Columbus	5064
US_Ohio_Toledo	6980
US_Oklahoma_East	5084
US_Oklahoma_Oklahoma	5492
US_Oklahoma_Tulsa	5120
US_Oklahoma_West	7460
US_Oregon_Eugene	11256
US_Oregon_Portland	7188
US_Oregon_West	10296
US_Pennsylvania_Central	9928
US_Pennsylvania_Pittsburgh	11004
US_Pennsylvania_Reading	6100
US_Pennsylvania_Scranton	5356
US_Puerto Rico	10904
US_Rhode Island	2276
US_South Carolina_Charleston	9008
US_South Carolina_Columbia	4576
US_South Carolina_Florence	9864
US_South Dakota	18384
US_Tennessee_East	12224
US_Tennessee_West	8940
US_Texas_Amarillo	11440
US_Texas_Austin	11104
US_Texas_Dallas	11748
US_Texas_Houston	5460
US_Texas_Lubbock	10688
US_Texas_San Antonio	3320
US_Texas_Southwest	12892
US_Texas_Tyler	7100
US_Texas_Victoria	10028
US_Texas_Wako	6956
US_Texas_West	13716
US_United States Minor Outlying Islands	4
US_Utah_North	18304
US_Utah_South	9516
US_Vermont	4928
US_Virginia_Alexandria	6552
US_Virginia_Lynchburg	7412
US_Virginia_Norfolk	7420
US_Virginia_Richmond	5688
US_Virginia_Roanoke	7204
US_Washington_Coast	16436
US_Washington_Seattle	3896
US_Washington_Yakima	8064
US_West Virginia	11872
US_Wisconsin_Eau Claire	6156
US_Wisconsin_Madison	4944
US_Wisconsin_Milwaukee	9688
US_Wisconsin_North	6172
US_Wyoming	2336
Uzbekistan	1300
Vanuatu	2480
Venezuela_North	1428
Venezuela_South	1696
Vietnam	67844
Wallis and Futuna	100
Willis Island	4
Yemen	3516
Zambia	35176
Zimbabwe	28192
